precision,0.0
recall,0.0
mrr,0.002374442960253541
diversity,0.9479806003421363
aggregate_diversity,203.0
unexpectedness,0.930296275149674
novelty,40.85245901639344
