precision,0.0
recall,0.0
mrr,0.002761868156772411
diversity,0.9366091654843591
aggregate_diversity,223
unexpectedness,0.922664722498832
novelty,47.50491803278689
