precision,0.0
recall,0.0
mrr,0.0019870177637346703
diversity,0.9593520351999134
aggregate_diversity,183
unexpectedness,0.9379278278005158
novelty,34.199999999999996
