"key,precision,recall,mrr,diversity,aggregate_diversity,unexpectedness,novelty,herfindahl_diversity,entropy_diversity,precision_at_one,recall_at_one,mrr_at_one"
1,0.0,0.0,5.333977412478629e-05,1.0,21,1.0,8.76180597571824,-18.881780715652287,0.13730130799989507,0.0,0.0,4.661973016246416e-05
2,0.0,0.0,6.736125194476626e-05,1.0,21,1.0,8.76161535762566,-18.838632662846273,0.2906629038448362,0.0,0.0,0.00010407150334234132
3,0.0,0.0,3.710724302638552e-05,1.0,20,1.0,8.761143841661001,-18.891364829469133,0.05829846530561963,0.0,0.0,3.710724302638552e-05
4,0.0,0.0,3.710732499220893e-05,1.0,20,1.0,8.761143841661001,-18.89913293393639,0.05348616060081863,0.0,0.0,3.710732499220893e-05
5,0.0,0.0,3.7527608342465116e-05,1.0,21,1.0,8.761861653692533,-18.765505150120536,0.15948073580397432,0.0,0.0,3.7527608342465116e-05
6,0.0,0.0,3.710712827934246e-05,1.0,20,1.0,8.761143841661001,-18.932223543400713,0.03503081753573339,0.0,0.0,3.710712827934246e-05
7,0.0,0.0,0.00026431557032804704,1.0,20,1.0,8.761143841661001,-18.84027777777778,0.08664882958550636,0.0,0.0,3.710988236167291e-05
9,0.0,0.0,3.710712827934246e-05,1.0,20,1.0,8.761143841661001,-18.94204152249135,0.02980906173328457,0.0,0.0,3.710712827934246e-05
