precision,0.0
recall,0.0
mrr,5.6150023427619595e-05
diversity,0.9999547431419278
aggregate_diversity,10616
unexpectedness,0.9999266436107089
novelty,14.70064986993665
herfindahl_diversity,0.9506712514353145
entropy_diversity,0.6967315582886872
precision_at_one,0.0
recall_at_one,0.0
mrr_at_one,4.030457142389636e-05
