precision,0.00425
recall,0.00425
mrr,0.020643697649298288
diversity,0.9978068795631673
aggregate_diversity,542
unexpectedness,0.9967644115166925
novelty,85.4475
