precision,0.01725
recall,0.01725
mrr,0.03945638972694556
diversity,0.9741038191017921
aggregate_diversity,136
unexpectedness,0.9904514741599264
novelty,623.5105
