precision,0.0425
recall,0.032269889856006054
mrr,0.022318387356817227
diversity,0.6238131108003024
aggregate_diversity,27
unexpectedness,0.875988517616015
novelty,2.2233956109577853
herfindahl_diversity,-16.361113670513074
entropy_diversity,1.8911847043109629
precision_at_one,0.002
recall_at_one,0.04
mrr_at_one,0.01936821171226892
